,Coefficient,Intercept
AlSi,0.17365327790329188,0.679062983183157
CaSi,0.005125065259658334,0.4065058839639363
FeSi,-0.1125812410072621,0.3605497725019063
MgSi,0.10438796399885925,0.4870552153449985
SSi,-0.04915637598059041,0.40633213075630303
